name,cost,color,hp,mp,power,defense,attack,recover,speed,skill,special
イズライールA,114,紫,88,59,44,50,73,11,38,45,こころ最大コスト+3 ヒャド属性ダメージ+10% メラ属性ダメージ+10% エレメント系へのダメージ+6% 呪い耐性+7% 混乱耐性+7%
ブランマトックS,114,赤,80,34,75,46,12,12,64,56,こころ最大コスト+4
亡者のひとだまS,114,紫,83,93,16,53,81,33,60,69,こころ最大コスト+4 イオ属性耐性+5%
破壊神シドーS,113,緑,140,112,41,58,56,90,44,43,こころ最大コスト+4 スキルHP回復効果+10% デイン属性耐性+10% 封印耐性+10%
マッドルーパーS,113,緑,86,73,28,54,44,74,38,30,こころ最大コスト+4
バアルセブブA,113,紫,99,71,16,50,54,24,45,65,こころ最大コスト+3 じゅもんダメージ+4% 麻痺耐性+5%
オオヌシガルーダA,111,紫,76,87,17,55,84,34,83,72,こころ最大コスト+3 じゅもんダメージ+4% メラ属性じゅもんダメージ+5% バギ属性じゅもんダメージ+5% 魅了耐性+5%
大神官ハーゴンS,111,紫,64,88,8,45,120,49,90,85,こころ最大コスト+4 じゅもんダメージ+5% イオ属性じゅもんダメージ+10% すべての状態異常成功率+10%
ベリアルS,111,黄,125,21,34,105,20,20,13,20,こころ最大コスト+4 イオ属性耐性+10% メラ属性耐性+7% 怯え耐性+5% 眠り耐性+5%
おにこんぼうA,111,黄,90,48,89,51,17,32,58,23,こころ最大コスト+3 スキルの斬撃・体技ダメージ+2% メラ属性斬撃・体技ダメージ+7% ドルマ属性斬撃・体技ダメージ+5% 会心率+2%
マボレーナS,111,緑,93,79,31,58,46,79,41,32,こころ最大コスト+4 即死耐性+5%
キラーアーマーS,111,青,114,69,79,76,36,32,102,102,キングダムソード こころ最大コスト+4 スキルの斬撃・体技ダメージ+7% ジバリア属性斬撃・体技ダメージ+7% イオ属性耐性+7% 守備減耐性+7%
トロピカルアミーゴS,110,青,75,68,78,38,22,74,76,72,戦闘時のホイミHP回復効果+20% こころ最大コスト+4 とくぎHP回復効果+7% 転び耐性+5% 麻痺耐性+5%
バンユウS,110,黄,97,58,72,65,42,16,29,47,こころ最大コスト+4 スキルの斬撃ダメージ+5% 怪人系へのダメージ+10% 眠り成功率+10% 悪い状態変化耐性+5%
ブラッドマミーS,110,黄,103,41,48,74,28,28,25,40,こころ最大コスト+4
ブラックチャックS,110,赤,54,30,110,24,7,7,80,76,こころ最大コスト+4 怯え耐性+5%
アトラスS,108,赤,55,45,120,40,7,7,95,91,こころ最大コスト+4 スキルの斬撃・体技ダメージ+3% ジバリア属性斬撃・体技ダメージ+10% 悪魔系へのダメージ+5% 攻撃減耐性+5%
おにこぞうS,108,青,85,52,60,57,27,25,77,77,こころ最大コスト+4
ジャンボきづちS,107,青,70,36,98,34,16,14,108,117,こころ最大コスト+4 スキルの体技ダメージ+3% ドルマ属性斬撃・体技ダメージ+7% バギ属性耐性+5% 眠り耐性+5%
グリーンドラゴンA,107,赤,78,34,73,45,12,12,63,55,こころ最大コスト+3 スキルの斬撃・体技ダメージ+2% ギラ属性斬撃・体技ダメージ+3% 虫系へのダメージ+7% 怯え耐性+5%
オルゴ・デミーラA,107,赤,87,37,81,50,13,13,70,61,こころ最大コスト+3 スキルの斬撃ダメージ+7% スキルの体技ダメージ+3% ヒャド属性斬撃・体技ダメージ+4% ギラ属性斬撃・体技ダメージ+4% すべての状態異常耐性+3% 悪い状態変化耐性+3%  
メーダロードS,107,緑,90,77,30,56,44,76,40,31,こころ最大コスト+4 麻痺耐性+5%
メカバーンB,107,赤,90,40,61,41,11,11,41,70,こころ最大コスト+2 スキルの体技ダメージ+5% 攻撃減耐性+10%
スターキメラS,107,紫,85,98,16,54,84,34,62,72,こころ最大コスト+4 呪文ダメージ+3% 鳥系へのダメージ+10% 呪い耐性+5%
ナイトキャットA,107,紫,64,72,12,40,62,25,46,53,こころ最大コスト+3
竜王A,107,青,98,59,68,64,31,27,88,88,こころ+3 スキルの斬撃・体技ダメージ+7% ギラ属性ダメージ+4% 布良属性ダメージ+4% ターン開始時MPを2回復する 混乱耐性+7%
グールS,105,黄,99,40,46,71,26,26,25,39,こころ最大コスト+4
エリミネーターS,105,赤,88,38,83,50,13,13,72,63,こころ最大コスト+4 スキルの斬撃ダメージ+7% 攻撃減耐性+5%
オルゴ・デミーラS,104,紫,92,107,17,58,91,37,67,78,こころ最大コスト+4 じゅもんダメージ+5% ドルマ属性じゅもんダメージ+8% ギラ属性じゅもんダメージ+5% ジバリア属性耐性+7% 魅了耐性+7%
デンタザウルスS,104,黄,107,43,50,77,28,28,26,42,こころ最大コスト+4 守備減耐性+5%
じごくのつかいA,104,紫,53,75,6,26,90,41,108,69,こころ最大コスト+3 じゅもんダメージ+6% ドルマ属性じゅもんダメージ+6% ギラ属性耐性+7% すばやさ減耐性+7%
ヘルクラウダーS,102,緑,88,20,15,53,63,110,12,37,こころ最大コスト+4 スキルHP回復効果+7% バギじゅもんダメージ+5% 魔力の暴走率+3% バギ属性耐性+7% 封印耐性+7%
ヘルバオムS,102,青,68,34,94,33,15,14,105,114,こころ最大コスト+4 スキルの体技ダメージ+5% 植物系へのダメージ10% 物質系への耐性+5% 麻痺耐性+5%
ナイトリッチA,102,赤,58,26,89,30,5,5,74,70,こころ最大コスト+3 スキルの斬撃ダメージ+2% ゾンビ系へのダメージ+7% マシン系へのダメージ+7% 呪い耐性+5%
グレイトマーマンS,102,黄,96,52,95,56,17,34,62,25,こころ最大コスト+4 スキルの斬撃・体技ダメージ+7% バギ属性耐性+7% 怯え耐性+7% 呪い耐性+7%
ほのおのせんしS,102,黄,114,47,53,82,31,31,28,45,こころ最大コスト+4 スキルの体技ダメージ+7% メラ属性耐性+5%
グリゴンダンスS,102,青,81,49,56,54,26,23,74,74,こころ最大コスト+4
だいおうイカA,102,青,113,68,43,62,21,19,61,61,こころ最大コスト+3 スキルの斬撃・体技ダメージ+4% バギ属性ダメージ+8% 幻惑耐性+15%
デスマシーンS,101,黄,152,25,41,127,23,23,16,25,こころ最大コスト+4 スキルの斬撃・体技ダメージ+7% じゅもん耐性+3% 眠り耐性+15%
ぬすっとウサギS,101,赤,71,30,67,41,10,10,58,51,こころ最大コスト+4
ドラゴメタルA,101,赤,97,42,57,43,11,11,43,38,こころ最大コスト+3 スキルの体技ダメージ+6% 全属性耐性+5% すべての状態異常耐性+5% 悪い状態変化耐性+5%
ホタテワラビーS,101,青,88,53,60,58,28,25,80,80,こころ最大コスト+4 すばやさ減耐性+5%
ロトの子孫A,99,黄,85,49,60,50,58,15,45,35,ライデイン デイン属性ダメージ+7%
フレイザードA,99,紫,90,85,15,26,64,25,47,69,こころ最大コスト+4 じゅもんダメージ+5% メラ属性じゅもんダメージ+6% メラ属性耐性+5% ヒャド属性耐性+5%
暴嵐天バリゲーンA,99,黄,110,44,51,79,29,29,28,44,こころ最大コスト+3 スキルの斬撃ダメージ+3% スキルの体技ダメージ+9% 会心率+3% バギ属性耐性+7%
ボボンガーA,99,緑,100,90,32,62,51,86,45,36,こころ最大コスト+3 スキルHP回復効果+8% 封印耐性+8% 呪い耐性+8% 魅了耐性+8%
ガニラスS,99,赤,110,47,63,48,12,12,48,43,こころ最大コスト+4 スキルの斬撃ダメージ+3% 水系へのダメージ+10% 眠り耐性+5%
アックスドラゴンS,99,青,90,63,86,70,33,30,75,96,こころ最大コスト+4 ヒャド属性斬撃・体技ダメージ+14% ドラゴン系へのダメージ+5% ギラ属性耐性+7%
まおうのつかいS,99,青,118,71,82,78,37,34,108,108,ルカニ こころ最大コスト+4 スキルの斬撃ダメージ+10% スキルの体技ダメージ+5% イオ属性斬撃・体技ダメージ+5% ゾンビ系へのダメージ+10% 呪い耐性+10% 守備減耐性+10%
アカイライS,99,青,79,47,55,52,25,23,72,72,こころ最大コスト+4
ゲリュオンA,99,黄,94,44,59,71,29,29,44,44,こころ最大コスト+3 スキルの斬撃ダメージ+7% スキルの体技ダメージ+3% バギ属性斬撃・体技ダメージ+3% けもの系へのダメージ+5% 幻惑耐性+7% 踊り耐性+7%
ホロコーストS,99,紫,74,87,14,46,72,29,54,63,こころ最大コスト+4 幻惑耐性+5%
うごくひょうぞうS,98,緑,125,100,33,31,41,60,27,36,こころ最大コスト+4 スキルHP回復効果+7% ターン開始時HPを5回復する ヒャド属性耐性+7% ドルマ属性耐性+7% 守備減耐性+10%
ガーゴイルS,98,赤,83,35,78,47,12,12,68,60,こころ最大コスト+4 スキルの体技ダメージ+7% 呪い耐性+5%
キラートーチS,98,紫,67,78,13,42,65,26,49,57,こころ最大コスト+4
ひょうがまじんS,96,赤,71,35,83,35,12,12,67,59,こころ最大コスト+4 スキルの体技ダメージ+3% 物質系へのダメージ+10% 転び耐性+5%
ホラービーストA,96,黄,80,43,79,46,14,28,54,21,こころ最大コスト+3 スキルの斬撃・体技ダメージ+6% ドルマ属性斬撃・体技ダメージ+6% ヒャド属性耐性+7% 混乱耐性+7%
メガザルロックS,96,緑,74,68,25,46,37,64,34,27,こころ最大コスト+4 麻痺耐性+5%
げんじかぶとS,96,黄,91,36,42,65,24,24,23,36,こころ最大コスト+4
アバン（ドラゴラム）S,95,緑,60,54,63,30,18,60,62,58,ベホイミ こころ最大コスト+4 スキルの斬撃ダメージ+3% ギラ属性斬撃・体技ダメージ+7% スキルHP回復効果+5% ギラ属性耐性+5% 眠り耐性+5%
アンクルホーンS,95,紫,86,62,43,48,71,10,38,33,こころ最大コスト+4 ヒャド属性ダメージ+14% ドルマ属性ダメージ+14% バギ属性耐性+7% 怯え耐性+7%
アイアンクックS,95,赤,67,29,63,38,10,10,55,49,こころ最大コスト+4
バロン版キラーマシンS,93,青,63,32,86,30,14,13,99,108,こころ最大コスト+4 スキルの体技ダメージ+3% ドルマ属性斬撃・体技ダメージ+7% マシン系へのダメージ+5% メラ属性耐性+5% 
シャドーサタンS,93,赤,88,38,82,50,13,13,73,64,こころ最大コスト+4 スキルの斬撃・体技ダメージ+10% 即死耐性+7% 怯え耐性+7%
ヘルゴーストS,93,緑,99,80,26,25,32,48,22,29,こころ最大コスト+4
ブラックドラゴンA,93,紫,75,54,38,42,62,9,33,39,こころ最大コスト+3 メラ属性ダメージ+11% バギ属性ダメージ+11% ドルマ属性耐性+3% 麻痺耐性+7%
てっこうまじんS,93,黃,97,39,45,69,26,26,25,39,こころ最大コスト+4 攻撃減耐性+5%
クロコダインS,92,黄,125,21,34,104,19,19,14,21,こころ最大コスト+4 スキルの体技ダメージ+3% バギ属性斬撃・体技ダメージ+7% デイン属性耐性+5%
魔王ハドラーS,92,紫,84,101,16,52,81,32,62,72,こころ最大コスト+4 じゅもんダメージ+7% ギラ属性じゅもんダメージ+10% イオ属性じゅもんダメージ+5% イオ属性耐性+7%
フランケンゴーレムS,92,青,105,63,40,58,20,18,58,58,こころ最大コスト+4 スキルの体技ダメージ+5% ドルマ属性耐性+7% 麻痺耐性+15%
バンプキャビネットS,92,黄,93,55,69,62,40,16,30,47,こころ最大コスト+4 スキルの斬撃・体技ダメージ+3% バグ属性斬撃・体技ダメージ+7% ギラ属性斬撃・体技ダメージギラ属性7% 即死耐性+7% 攻撃減耐性+7%
ガルーダS,92,緑,64,59,66,32,19,65,67,62,こころ最大コスト+4 スキルの斬撃・体技ダメージ+7% バギ属性斬撃・体技ダメージ+5% スキルHP回復効果+5% ジバリア属性耐性+7% 魅了耐性+7%
キマイラロードS,92,紫,84,101,16,37,86,32,68,72,こころ最大コスト+4 じゅもんダメージ+3% イオ属性じゅもんダメージ+5% デイン属性じゅもんダメージ+10% バギ属性じゅもんダメージ+7%
レッドアーチャーS,92,青,88,53,61,58,28,25,82,82,こころ最大コスト+4 スキルの体技ダメージ+7% メラ属性斬撃・体技ダメージ+5% ギラ属性耐性+5%
ウドラーA,92,黄,71,49,71,45,36,14,26,41,こころ最大コスト+4 イオ属性ダメージ+8% 植物系へのダメージ+8% 悪魔系へのダメージ+3% ジバリア属性耐性+7% 踊り耐性+7%
ボーンプリズナーS,92,黄,87,35,41,62,23,23,22,35,こころ最大コスト+4
あくまのきしS,92,赤,87,37,81,49,13,13,72,64,ラリホー こころ最大コスト+4 スキルの斬撃ダメージ+7% デイン属性斬撃・体技ダメージ+5% 悪魔系へのダメージ+5% ギラ属性耐性+7% 転び耐性+7%
ウイングタイガーS,92,青,97,58,67,64,31,28,91,91,シャドーステップ こころ最大コスト+4 スキルの体技ダメージ+5% バギ属性斬撃・体技ダメージ+7% ゾンビ系へのダメージ+5% 呪い耐性+5%
ミミックS,92,紫,75,55,38,42,62,9,34,39,こころ最大コスト+4 メラ属性ダメージ+7% ギラ属性ダメージ+7% 混乱耐性+5%
アームライオンB,92,赤,103,44,59,45,12,12,46,41,こころ最大コスト+2 スキルの斬撃・体技ダメージ+6% ヒャド属性斬撃・体技ダメージ+6% 幻惑耐性+10% 怯え耐性+10%
マッドフィンガーS,90,緑,70,66,23,43,35,60,32,26,こころ最大コスト+4
ブリザードS,90,青,79,48,55,52,25,23,74,74,こころ最大コスト+4 ヒャド属性耐性+5%
ヒュンケルS,89,赤,55,29,110,24,5,5,85,81,こころ最大コスト+4 スキルの斬撃・体技ダメージ+3% ヒャド属性斬撃・体技ダメージ+7% ドルマ属性斬撃・体技ダメージ+7% じゅもん耐性+3%
フロントギズモS,89,青,71,42,49,47,23,20,67,67,こころ最大コスト+4
マリンスライムS,89,黄,70,37,69,40,13,25,47,19,こころ最大コスト+4 守備減耐性+5%
アバンA,87,黄,73,39,72,42,13,26,50,20,アバン流刀殺法のダメージ+3% 大地斬 こころ最大コスト+3 スキルの斬撃・体技ダメージ+2% デイン属性斬撃・体技ダメージ+6% 封印耐性+7%
ドラゴンガイアS,87,赤,83,35,77,47,12,12,70,62,こころ最大コスト+4 スキルの斬撃・体技ダメージ+3% ジバリア属性斬撃・体技ダメージ+7% イオ属性斬撃・体技ダメージ+7% メラ属性耐性+7% 怯え耐性+7%
トロピカルドラゴS,87,紫,100,109,15,25,57,25,48,70,こころ最大コスト+4 じゅもんダメージ+3% ヒャド属性じゅもんダメージ+7% ギラ属性じゅもんダメージ+7% ギラ属性耐性+7% 踊り耐性+7%
シールドオーガA,87,黄,87,35,41,62,23,23,23,36,こころ最大コスト+3 スキルの斬撃ダメージ+6% 麻痺耐性+5%
おばけトマトS,87,紫,60,74,12,37,58,23,45,52,こころ最大コスト+4
メイジキメラS,86,緑,64,62,21,40,32,55,30,24,こころ最大コスト+4 眠り耐性+5%
ブラッドソードS,86,赤,62,26,57,35,9,9,52,46,こころ最大コスト+4
エデンの戦士たち2S,84,黄,107,42,50,76,28,28,28,44,ザオラル こころ最大コスト+4 すべての状態異常耐性+10% 悪い状態変化耐性+10%
エデンの戦士たち1S,84,青,95,54,72,63,28,26,92,86,たねときのみをたべる こころ最大コスト+4 スキルの斬撃ダメージ+7% スキルの体技ダメージ+7% じゅもんダメージ+7% 斬撃・体技耐性+5%
バズズA,84,紫,45,70,5,21,82,35,78,61,こころ最大コスト+3 じゅもんダメージ+2% ギラ属性じゅもんダメージ+4% 悪魔系へのダメージ+6%
キングスイカ岩S,84,黄,86,51,63,57,37,14,28,44,いやしの果汁 こころ最大コスト+4 スキルの斬撃・体技ダメージ+5% ヒャド属性ダメージ+7% デイン属性ダメージ+7% ジバリア属性耐性+7% 転び耐性+7%
ダークキングS,84,黄,107,42,50,78,28,28,28,44,こころ最大コスト+4 スキルの斬撃・体技ダメージ+5% イオ属性斬撃・体技ダメージ+7% ジバリア属性斬撃・体技ダメージ+7% ドルマ属性耐性+7% 転び耐性+10%
スナノサウルスS,84,紫,87,96,13,22,47,22,42,61,こころ最大コスト+4 jamun+3% ヒャド属性じゅもんダメージ+5% ギラ属性じゅもんダメージ+5% 攻撃減耐性+5% 守備減耐性+5%
ゾーマS,84,紫,57,88,7,27,117,43,85,77,こころ最大コスト+4 じゅもんダメージ+10% 魔力の暴走率+5% ヒャド属性耐性+10% 守備減耐性+5%
ギガンテスS,84,青,121,72,45,67,22,20,68,68,こころ最大コスト+4 スキルの斬撃・体技ダメージ+10% ジバリア属性斬撃・体技ダメージ+10% ドルマ属性耐性+10% 攻撃減耐性+10%
カメレオンマンS,84,紫,77,59,39,43,63,9,35,41,こころ最大コスト+4 ギラ属性ダメージ+12% 怪人系へのダメージ+7% 物質系へのダメージ+7% 幻惑耐性+7% 守備減耐性+7%
ベホイミスライムS,84,緑,65,64,22,40,33,56,11,25,こころ最大コスト+4
ヘルジュラシックS,84,黄,115,19,32,96,18,18,13,20,こころ最大コスト+4 スキルの斬撃ダメージ+3% ドラゴン系へのダメージ+3% デイン属性斬撃・体技ダメージ+7% バギ属性耐性+5% 眠り耐性+5%
りゅうき兵S,84,黃,106,18,29,88,16,16,12,18,こころ最大コスト+4 怯え耐性+5%
おどるほうせきB,84,紫,70,89,20,44,68,27,53,62,こころ最大コスト+2 じゅもんダメージ+6% イオ属性じゅもんダメージ+6% すばやさ減耐性+10% 守備減耐性+10%
ドラゴンゾンビS,84,緑,51,57,11,29,47,94,22,30,こころ最大コスト+4 スキルHP回復効果+5% 戦闘時のどうぐMP回復効果+6% 毒耐性+5% 守備減耐性+5%
ジェリーマンS,83,緑,66,40,46,44,21,19,64,64,こころ最大コスト+4
さまようたましいS,83,緑,46,56,10,26,43,85,20,27,こころ最大コスト+4 呪い耐性+5%
ベンガルクーンA,83,紫,39,61,7,19,81,30,59,53,こころ最大コスト+4 じゅもんダメージ+5% 封印耐性+5%
フレイムドックA,81,青,48,25,66,23,11,10,80,86,こころ最大コスト+3 スキルの体技ダメージ+2% メラ属性斬撃・体技ダメージ+4% 悪魔系へのダメージ+2% 麻痺耐性+5% 攻撃減耐性+5%
まなつのせんしA,81,赤,62,26,57,35,9,9,53,47,こころ最大コスト+3 スキルの斬撃ダメージ+2% メラ属性斬撃・体技ダメージ+4% ヒャド属性斬撃・体技ダメージ+4% ギラ属性耐性+5% 転び耐性+5%
ベスキングS,81,青,87,52,60,57,27,25,84,84,こころ最大コスト+4 スキルの斬撃・体技ダメージ+3% バギ属性斬撃・体技ダメージ+7% ギラ属性斬撃・体技ダメージ+7% ギラ属性耐性+7% 混乱耐性+7%
ダークスライムS,81,黃,70,37,69,40,12,24,49,20,こころ最大コスト+4 スキルの斬撃ダメージ+3% イオ属性斬撃・体技ダメージ+5% スライム系へのダメージ+5% 守備減耐性+5% 転び耐性+5%
ヘルコンドルS,81,赤,51,26,101,22,6,6,80,76,こころ最大コスト+4 スキルの斬撃・体技ダメージ+3% バギ属性斬撃・体技ダメージ+7% メラ属性斬撃・体技ダメージ+7% ジバリア属性耐性+7% 魅了耐性+7%
バラモスブロスS,81,紫,67,52,38,38,55,8,31,36,こころ最大コスト+4 イオ属性ダメージ+7% ギラ属性ダメージ+7% 攻撃減耐性+5% 封印耐性+5%
カンダタS,81,青,51,28,75,26,13,11,91,98,こころ最大コスト+4 スキルの体技ダメージ+3% ジバリア属性ダメージ+5% ドルマ属性斬撃・体技ダメージ+5% 怯え耐性+5%
うみぼうずA,81,青,76,45,29,42,14,13,43,43,こころ最大コスト+3 眠り耐性+5%
ゴールドオークS,81,黃,78,31,36,55,20,20,21,32,こころ最大コスト+4
エビルオークB,81,赤,63,27,59,36,15,15,54,48,こころ最大コスト+2 スキルの斬撃・体技ダメージ+5% ドルマ属性斬撃・体技ダメージ+5% バギ属性耐性+7% 転び耐性+7%
やまたのおろちS,80,赤,76,32,71,43,11,11,66,58,こころ最大コスト+4 スキルの斬撃・体技ダメージ+3% デイン属性斬撃・体技ダメージ+7% バギ属性斬撃・体技ダメージ+7% イオ属性耐性+7% 幻惑耐性+7%
じごくのハサミA,80,青,68,40,47,45,21,19,65,65,こころ最大コスト+3 スキルの体技ダメージ+6% ヒャド属性耐性+5%
きりさきピエロS,78,黄,57,43,47,48,47,12,24,38,こころ最大コスト+4 スキルの体技ダメージ+3% メラ属性ダメージ+5% ジバリア属性ダメージ+5% 守備減耐性+5% 混乱耐性+5%
メタルホイミンA,78,緑,64,65,21,40,32,55,31,25,こころ最大コスト+3 スキルHP回復効果+6% 全属性耐性+5% すべての状態異常耐性+5% 悪い状態変化耐性+5%
じんめんじゅS,78,赤,81,34,46,35,14,14,38,33,こころ最大コスト+4 魅了耐性+5%
コキュードスA,78,青,50,26,68,24,12,11,81,89,こころ最大コスト+3 スキルの斬撃ダメージ+2% ヒャド属性斬撃・体技ダメージ+3% バギ属性斬撃・体技ダメージ+3% ヒャド属性耐性+5%
メイジドラキーS,78,紫,54,71,15,34,52,21,42,49,こころ最大コスト+4
りゅうせんしS,77,青,34,48,60,20,24,26,34,78,こころ最大コスト+4 呪い耐性+5% ドラゴンガイアへの耐性+10%
バラモスS,77,緑,108,67,44,41,33,55,55,41,こころ最大コスト+4 スキルHP回復効果+10% じゅもん耐性+5% イオ属性耐性+5% 混乱耐性+10%
究極エビルプリーストS,77,青,91,66,55,53,32,35,91,71,こころ最大コスト+4 スキルの斬撃・体技ダメージ+10% メラ属性斬撃・体技ダメージ+10% イオ属性耐性+10% 眠り耐性+10%
スカイドラゴンS,77,赤,103,47,43,21,11,11,33,41,マヌーサ こころ最大コスト+4 スキルの体技ダメージ+7% さいだいMP+18 幻惑耐性+7% 即死耐性+5%
セルゲイナスS,77,黄,51,22,77,33,21,15,36,7,こころ最大コスト+4 スキルの斬撃・体技ダメージ+3% メラ属性斬撃・体技ダメージ+7% イオ属性斬撃・体技ダメージ+7% ヒャド属性耐性+7% 守備減耐性+7%
サブナックA,77,緑,35,50,50,22,8,43,54,32,こころ最大コスト+3 スキルの体技ダメージ+5% メラ属性斬撃・体技ダメージ+3% スキルHP回復効果+3% バギ属性耐性+5% 怯え耐性+5%
ブラッドハンドS,77,青,61,44,37,35,21,24,61,47,こころ最大コスト+4
キラーマシンS,77,黄,114,48,58,61,24,17,25,16,こころ最大コスト+4 スキルの斬撃・体技ダメージ+12% メラ属性耐性+10% 麻痺耐性+10%
ベビーサラマンダS,75,赤,62,23,45,30,8,8,49,60,こころ最大コスト+4
サイおとこS,75,赤,74,28,54,36,9,9,59,72,きあいため こころ最大コスト+4 スキルの斬撃ダメージ+7% 守備減耐性+5%
フレイムS,75,紫,57,69,24,31,45,18,43,41,こころ最大コスト+4
キングスライムS,75,青,40,58,81,23,28,31,120,74,こころ最大コスト+4 スキルの斬撃・体技ダメージ+7% 会心率+4% イオ属性耐性+7% 即死耐性+7%
じごくのよろいS,75,黃,54,18,71,36,17,13,9,7,こころ最大コスト+4 メラ属性耐性+3%
ヘルギフトS,74,紫,38,80,10,17,89,36,50,81,こころ最大コスト+4 じゅもんダメージ+3% ギラ属性じゅもんダメージ+5% バギ属性じゅもんダメージ+5%
パペットマンS,74,緑,59,58,29,31,21,45,30,27,こころ最大コスト+4
かっちゅうアリS,72,黄,74,31,37,39,15,11,16,10,こころ最大コスト+4
キラーパンサーS,72,赤,33,24,83,16,9,9,63,97,こころ最大コスト+4 ギラ属性+3%
きめんどうしS,71,紫,55,67,23,30,44,18,41,39,メダパニ こころ最大コスト+4
ドラゴスライムA,71,緑,60,60,30,32,22,46,31,27,こころ最大コスト+3 スキルHP回復効果+6% 全属性耐性+10% ブレス体制+5%
しりょうのきしS,71,赤,59,22,44,29,8,8,47,58,こころ最大コスト+4
アンドレアルC,69,赤,48,18,35,23,7,7,38,47,幻惑耐性+5%
ヘルバトラーA,69,紫,77,97,26,18,40,20,62,46,こころ最大コスト+3 じゅもんダメージ+6% メラ属性じゅもんダメージ+6% イオ属性耐性+7% 怯え耐性+7%
ギガデーモンB,69,黃,70,37,25,63,14,10,6,9,こころ最大コスト+2 スキルの体技ダメージ+5% 守備減耐性+5%
ベホイミスライムS,69,緑,57,56,27,30,20,43,29,26,ベホイミ こころ最大コスト+4
セキバーンA,69,緑,66,65,26,15,19,33,33,25,こころ最大コスト+3 ジバリア属性耐性+5%
ずしおうまるA,69,赤,31,9,67,15,8,8,49,91,こころ最大コスト+3 スキルの斬撃ダメージ+2% 悪魔系へのダメージ+2% ドルマ属性斬撃・体技ダメージ+4% 幻惑耐性+5% 混乱耐性+5%
くものきょじんS,69,青,35,49,61,20,24,26,35,80,バギマ こころ最大コスト+4 スキルの体技ダメージ+3% ドルマ属性斬撃・体技ダメージ+5% バギ属性斬撃・体技ダメージ+5% イオ属性耐性+5%
ミニデーモンS,69,紫,42,73,25,16,84,22,54,55,メラミ こころ最大コスト+4 メラ属性耐性+3%
メタルドラゴンS,69,赤,88,32,64,42,12,12,70,87,こころ最大コスト+4 スキルの斬撃・体技ダメージ+10% すべての状態異常耐性+5% 悪い状態変化耐性+5% 攻撃減耐性10%
ヒイラギどうじS,69,紫,72,88,30,39,57,23,54,52,ヒャダルコ こころ最大コスト+4 じゅもんダメージ+5% ヒャド属性呪文ダメージ+10% 転び耐性+7% 縛り体制+7%
ホークブリザードS,69,青,103,76,36,34,30,32,104,53,ヒャダルコ こころ最大コスト+4 スキルの斬撃・体技ダメージ+10% ヒャド属性斬撃・体技ダメージ+10% ヒャド属性耐性+10% 縛り耐性+10%
スノードラゴンA,68,緑,70,70,28,16,20,36,36,26,こころ最大コスト+3 スキルHP回復効果+5% 転び耐性+5%
バトルレックスS,68,青,75,54,45,43,26,28,76,58,はやぶさ斬り こころ最大コスト+4 スキルの斬撃・体技ダメージ+7% 戦闘終了時にMPを6回復する メラ属性耐性+7% 幻惑耐性+5%
リザードマンS,68,黄,71,29,36,38,14,10,15,9,こころ最大コスト+4
ハロウィンルイーダS,66,青,74,53,44,42,25,27,75,58,マホトーン こころ最大コスト+4 スキルの斬撃・体技ダメージ+7% 封印成功率+20% 魅了耐性+20%
アローインプ,66,青,56,40,33,32,19,21,56,43,
メトロゴースト,66,緑,60,60,29,32,21,46,30,27,
ばくだん岩S,66,赤,57,21,42,27,8,8,45,56,
つむりんママS,66,黃,55,18,71,35,17,12,9,6,
ブリザードマンB,65,紫,26,61,21,11,60,23,23,54,
ピンクモーモンS,65,緑,54,54,26,28,19,41,27,24,
ヒートギズモS,63,紫,51,62,21,27,40,15,38,36,
たてまじんS,63,黄,75,24,28,66,15,11,8,10,
ボーンナイトA,63,赤,97,16,47,19,9,9,52,64,
おひなさまスライム,62,紫,34,81,27,15,78,30,30,72,
デスピサロA,62,緑,31,61,29,16,31,69,13,27,
プリーストナイトS,62,緑,29,57,27,15,29,65,12,26,
じごくのもんばんA,62,青,58,41,34,33,20,22,59,45,
デビルアーマーS,62,赤,54,19,40,26,7,7,43,54,
あくま神官C,62,緑,58,58,28,30,20,44,29,26,
ハートナイトS,62,赤,65,23,48,31,9,9,52,64,
シャドーS,62,青,53,38,31,30,18,20,54,41,
イエティA,60,青,25,36,50,14,17,19,76,46,
たまねぎマンS,60,緑,51,51,24,27,17,39,26,23,
ハンターフライS,59,紫,49,59,19,25,38,14,36,35,
マジカルハットS,57,紫,52,63,21,27,41,15,39,37,
ベビルS,57,緑,79,82,31,24,13,49,20,29,
デッドペッカーS,56,赤,50,18,36,23,7,7,40,49,
ドラゴンキッズS,54,紫,25,61,20,11,58,21,23,53,
りゅうおうA,54,紫,54,65,21,28,42,15,40,38,
はぐれメタルS,54,紫,65,83,22,20,43,9,29,39,
ブラウニーA,48,黄,48,19,23,25,9,7,9,6,
キャットバット,48,赤,39,13,28,18,6,6,31,39,
ひとくいばこA,48,青,50,37,17,16,14,15,52,26,
ガチャコッコA,48,緑,54,56,20,16,9,34,14,20,
キングレオB,47,黄,52,20,25,27,10,7,10,6,
どくやずきんA,47,青,37,26,21,20,12,13,38,29,
スライムタワーS,45,緑,41,40,18,20,13,30,20,18,
オークS,42,赤,65,10,31,12,7,7,35,44,
ドラゴンフライS,41,紫,47,58,17,24,36,12,35,34,
ベビーサタンA,39,紫,23,41,12,9,45,10,30,31,
つかいまA,39,紫,15,37,11,7,34,12,14,32,
ゴーレムB,39,赤,36,11,26,16,6,6,29,36,
スカルガルーS,33,青,31,21,17,16,9,19,32,24,
メタルブラザーズD,29,緑,22,21,9,11,6,16,11,9,
スライムつむりS,27,紫,27,33,9,13,20,7,20,19,
アルミラージS,27,青,26,18,15,13,8,8,27,20,
みならいあくまS,26,紫,23,28,8,11,17,6,17,16,
トロルB,24,黄,28,10,13,14,5,3,5,3,
ねこまどうS,21,紫,19,23,6,9,14,5,15,13,
さそりばちS,12,赤,8,5,15,5,2,2,12,19,
スライムS,3,黄,5,3,3,3,1,1,3,2,